Brussels	50.85	4.35	
Flanders	51.0950244	4.4477809	
Walloon Region	50.400501	5.1335125	
